"~id","~start_node_id","~end_node_id","~relationship_type"
"0","11","13","MARRAGE"
"1","13","11","MARRAGE"
"2","11","10","MARRAGE"
"3","10","11","MARRAGE"
"4","11","9","MARRAGE"
"5","9","11","MARRAGE"
"6","11","7","MARRAGE"
"7","7","11","MARRAGE"
"8","11","6","MARRAGE"
"9","6","11","MARRAGE"
"10","11","14","MARRAGE"
"11","14","11","MARRAGE"
"12","13","15","MARRAGE"
"13","15","13","MARRAGE"
"14","10","5","MARRAGE"
"15","5","10","MARRAGE"
"16","5","2","MARRAGE"
"17","2","5","MARRAGE"
"18","5","1","MARRAGE"
"19","1","5","MARRAGE"
"20","2","1","MARRAGE"
"21","1","2","MARRAGE"
"22","3","1","MARRAGE"
"23","2","3","MARRAGE"
"24","3","2","MARRAGE"
"25","1","3","MARRAGE"
"26","6","2","MARRAGE"
"27","2","6","MARRAGE"
"28","7","6","MARRAGE"
"29","6","7","MARRAGE"
"30","7","8","MARRAGE"
"31","8","7","MARRAGE"
"32","9","8","MARRAGE"
"33","8","9","MARRAGE"
"34","9","12","MARRAGE"
"35","12","9","MARRAGE"
"36","8","4","MARRAGE"
"37","4","8","MARRAGE"
"38","8","3","MARRAGE"
"39","3","8","MARRAGE"